id	version	seq_sha256	file_sha256	length	source	date	class	outfile	row_sha256
lacZ	1	b6be24d3d83b04ea71b917c2cf185c1df47feffebe3521daec97e79d5d02457d	e912d31f91ce92b267ddd602a5c743f2f0c11b0ceb748f36e2ce1573d89099a3	3075	NCBI NC_000913.3:363231-366305(-)	2026-07-04	reference	lacZ__v1__b6be24d3d83b.gb	8327d7b718c0838a3fcd2b56527b4b8b61ecffe71acda1fea7ea64ebaf681443
PyeaR	1	33b534f79945ec0b94f61c48a20fb590ba2b7fb9f482b6d45656f157a2bcf1e5	72f0b09a2239149820d11f5841968cefbcd5dbacc7898169b851ee7c250a4902	162	NCBI NC_000913.3:1879946-1880107(-)	2026-07-04	reference	PyeaR__v1__33b534f79945.gb	cc1cafbbca95f5b206841ced39eabd3df5a67c49d0be4f69babc3cd41dd33283
p15A	1	252795606a1d1292389fe2db5d97bf4f729d55748eb099f1b9a25601d8389126	ddb05afb4f5036b48e75627f099507d69579a662f33260d88b823ec256839c19	913	NCBI X06403:581..1493 (pACYC184 p15A rep_origin)	2026-07-04	reference	p15A__v1__252795606a1d.gb	65bfa71e2dd85ba0e7b9d491f16ce62309d28785d6bfe7ef383f634f84ba3020
cat	1	3416e882d5b856de88318e2b564501c85d0adb085071635e1c52c9f1a6b74ea1	43cd360247edf19791dbd7ed530a74788344850dd5ce16c58cfc9916a00a80c3	660	NCBI V00622:244..903 (Tn9 cat CDS)	2026-07-04	reference	cat__v1__3416e882d5b8.gb	c58ebf3054bec111e68e7893f3696031066e4103731ed7285716807ecd7ad2ef
HrpR.Ec-opt	1	d85d0a2589d41dbb7895cba6d6a340a4e40ad71423481263d01274b57f189f81	783fb5c2ccfaa792897356c4e5d63b3a13672fdded4a6fe1299faa3764e7e2b1	945	designed codon-opt; parent=NCBI protein YET37120; host=E_coli; tool=optimize-codons	2026-07-04	designed	designed/acoustic/HrpR.Ec-opt__v1__d85d0a2589d4.gb	33459935e4fba8216871c100e6669151131b8ba13e671ccc80720ce094c8c79a
HrpS.Ec-opt	1	4c7642e360bacafa0457a96f65ab36a7d8eae00d895e555e83bb727a801dbc7f	cb5516012db7a3009cb9731c13fb0ecb27456409df54351eb202fb81d58da9fe	909	designed codon-opt; parent=NCBI protein YET37121; host=E_coli; tool=optimize-codons	2026-07-04	designed	designed/acoustic/HrpS.Ec-opt__v1__4c7642e360ba.gb	f6f786578ff0eb51a8929224fe1294fd3912bf5eb093014c5c855b61af0f4c34
B0032	1	7480912e8220d0d9cf8135103da53e5deecb26686b7793cef00b876e0ac5db9b	7bf0c4f3e9fc9dcb2e732846e4789f9395460a553eeaac385ddb0cc3256b9b5a	13	iGEM Registry BBa_B0032 (RBS.3 weak; uuid dd29b240-f03a-42ce-8612-6d562f74308e)	2026-07-04	reference	B0032__v1__7480912e8220.gb	9cb70ee4ded3000bcb5076704f25d4218fd5eed72726d5424b4dc354ea3103bd
B0015	1	696c73e5a7a8819fe92177a8866f62fb5549c71284bf8f930854f26fae51318a	57c3569cfe3de9234f806afd1173a627eee434b56266ca1f1546cb65863e6557	129	iGEM Registry BBa_B0015 (double terminator B0010-B0012; uuid a0ebeeab-3947-440e-9cf1-f0a47bbc4c33)	2026-07-04	reference	B0015__v1__696c73e5a7a8.gb	6e0b365d86b453a090e259b95b72c3d758fa953c02272602d231219523b17171
ALPaGA	1	9301944089c66ab07344d7d9e8c2170a1432bb015c803c7fe1892dfa43dff67b	3cc3f4c909ef656106399030d58c3edd7e56951c975cdcc2be6fae24e21864f5	352	Addgene #175272 :844..1195(+) ALPaGA LldR/lactate-responsive promoter (5' boundary from construct ALPaGA exact-match into the independent deposit; 3' boundary = deposit-annotated RBS start 1196)	2026-07-04	reference	ALPaGA__v1__9301944089c6.gb	1809a280e35c2d6bb62e937132ce25b7e82182b39c7def75cc929e68e7e78223
sfGFP	1	08a1e654bd76f11980dba554eb97e76b4b2772d9efa61e32ff31151135f87467	daaa3b6e437ae59a0befc55ab130ef0ee26c53b0730ba8ded685b83ca9417f1c	720	iGEM Registry BBa_I746916 (superfolder GFP CDS; Pedelacq 2006; Geneart de-novo synth; uuid df07298a-a5d9-4441-83b4-21a9b9db33aa)	2026-07-04	reference	sfGFP__v1__08a1e654bd76.gb	2a70051e66bc2e37cfbf02f65f01c469d4ce11a6d5f24c9332a2eff155497858
J23116	1	d2a88442f9868290891a8842ce9f73fb0f31d6d117c928e9bf81995c50f08817	adb68d2e409607266a8600d126d4328bc9718b1f7137215066bc6fd23a1c1f11	35	iGEM Registry BBa_J23116 (constitutive promoter family, Anderson; uuid ca16d3eb-c75c-4b92-a0a3-55fae09ad41c)	2026-07-04	reference	J23116__v1__d2a88442f986.gb	4ee5d390e789ee4bda4772355f97d4e40863a06bd084338543ff1f165046def5
lldR	1	8b1b37ebeb6ce044ba2d3d6d0b75932bf398de653998f11670080bf496ddb208	16fbae94f468b1cec1808179c2e66696e7dd7c58d8644451c212c5587bd80d17	777	NCBI NC_000913.3:3779054..3779830(+) lldR (b3604, DNA-binding transcriptional dual regulator LldR; located in fetched primary window 3779030-3779850)	2026-07-04	reference	lldR__v1__8b1b37ebeb6c.gb	18353def3e043a17232bd1db24af42e82070d985b91f15a1b1f77f7ef9649e0d
RBS_hrpR	1	98140f2e35035f04e5087950d64adeb8e17cfebae02d821ab6bdea64990bbcad	d02372fe690807edddbf2c65eab60b8ef380c4775b316c32dcd0b1365d10f860	36	designed synthesised 5'UTR; tool=design-rbs; engine=OSTIR(RNA-2.7.2 module); verified_TIR=11942; design_record_target=11942 [EXACT-reproduces-record]; host=E_coli; parent=none	2026-07-04	designed	designed/acoustic/RBS_hrpR__v1__98140f2e3503.gb	236a6dba3c230e032c0464d89ecc0f58ce060d03cc45f1352d44aa4fd8b88fa5
RBS_hrpS	1	cbabe8610622685f584e89f93a9ccc6f3b5b814d6f6deb15bb9d3fd15f2fd967	21391d402a680ab06bb751439d52394203ed3e1aeeca6a75384f87daf7f0b8c7	37	designed synthesised 5'UTR; tool=design-rbs; engine=OSTIR(RNA-2.7.2 module); verified_TIR=21793; design_record_target=13485 [DIVERGES-from-record(13485)]; host=E_coli; parent=none	2026-07-04	designed	designed/acoustic/RBS_hrpS__v1__cbabe8610622.gb	f8142e8e6b3b485cb25910c736736e6b1de3ee97e3aaff30cf3cf74e3124e900
RBS_sfGFP_med	1	4fb6162d1eb299dad6b23502be7a5c89802058001b57a9e6c50fe825bc24cffc	61b47315175c9a3e911d0b722779650fd47a132d87e21b10051d7e0b55390496	18	designed RBS; tool=OSTIR-ladder(local); engine=OSTIR 1.1.3 (ViennaRNA-2.7.2 CLI); verified_TIR=725 a.u. in TRUE P_yeaR CLEAN context (0.51x B0034=1431); SD-core=AGGACA; RBS->ATG spacing=7; frame=[P_yeaR 3' leader, RBS, sfGFP CDS]; host=E_coli; parent=none; role=sfGFP medium/visual RBS; REQUIRES CLEAN junction (trim P_yeaR native SD+ATG)	2026-07-05	designed	designed/acoustic/RBS_sfGFP_med__v1__4fb6162d1eb2.gb	a9c56ca289cbf1a6b825a92e8b6142dc22cebf9c73bb4f6608a14d82da374e42
RBS_lacZ_weak	1	e6d8ab8d62473625445197dbc5f03079ebf98ed36b6fac0d1610e5e936af1084	21d461396b5169a15b0a227a0d874eb8de4aade72f7342a5d5d69fe64f2b84c0	18	designed RBS element; parent=B0032 (BBa_B0032 weak core) + 5nt TACTA spacer as one functional unit; role=lacZ weak/catalytic RBS; TIR weak lacZ-context ~1085 a.u. (2026-07-05 OSTIR scan, bench-validate); functional-unit seal per granularity convention 2026-07-05	2026-07-05	designed	designed/acoustic/RBS_lacZ_weak__v1__e6d8ab8d6247.gb	5aa9b20aef33db52b235ab9109c3ff31530ed5065663455c0d3a2ff7ea8b8df5
RBS_hrpS	2	d0e539d22e8f91fc3904194129ffa337ffc4ebd6d0e8c32eae914e5dfe383c83	bf2fac24b0cec52551aab70c518eea758022c7ea4691561f74b48c53a7b32c8e	39	designed synthesised 5'UTR; tool=design-rbs; engine=OSTIR 1.1.3(ViennaRNA-2.7.2 CLI, local); verified_TIR=13441; design_record_target=13485 [RESOLVED: supersedes RBS_hrpS v1 (21793, DIVERGES); fold_vs_hrpR=1.13; NdeI-clean junction]; host=E_coli; parent=none	2026-07-05	designed	designed/acoustic/RBS_hrpS__v2__d0e539d22e8f.gb	01479c021bcecc8cc275f3c9f8a35f143a25a0b2f70dc20b8dea620e8b2b72dd
RBS_hrpR	2	427a93b42603cecb3194ec55c5fe5d6af5dd02a0a8674a41ef5d17ce4ce1014f	70a6fc8a19c35a34bbe336d920f540c6eda0275b233f2f8a3f2613c92e79f4ef	36	designed synthesised 5'UTR; tool=design-rbs; engine=OSTIR 1.1.3(ViennaRNA-2.7.2 CLI, local); verified_TIR=12936; design_record_target=11942 [RESOLVED: supersedes RBS_hrpR v1 (on-target 11942 but NdeI-DIRTY, ends AACAT); single-base spacer AACAT->AACAA breaks CATATG/NdeI at RBS->HrpR junction; fold_vs_hrpS_v2=1.04]; host=E_coli; parent=none	2026-07-05	designed	designed/acoustic/RBS_hrpR__v2__427a93b42603.gb	4e7bf79d49ecdbef69bf90ef0884dc30360a4b8a11f91ed6356da706323326ac
P_hrpL	1	92a090c692d677e2a7d136bfb9de3f09ae801e76105ecc7953dd77e5f055e8fa	aad2f530820dac7cce2f90a9af5ad60f2202a301877aa0b37741910f1b28c54b	208	iGEM Registry BBa_K4907019 (pHrpL); sigma54 HrpR+HrpS-activated AND-gate output promoter; 208 bp; EXACT-match to pAP-Report-dual DRAFT 2497..2704; shared output promoter with pAP-Output (seal-once, reuse byte-identical); no forbidden RE; verified 2026-07-06	2026-07-06	reference	P_hrpL__v1__92a090c692d6.gb	2d031b7b5dbf3820ab66115d145644c2e0d98b9f5e2b04a072c128b776eda25b
HrpS.Ec-opt	2	cc3f6c1ec6eff5323c33ba1b32287fff76603989bbd354f7ca1a9e7b79a0d1f7	47b969dd8a33d14dfe57ebe4f733f3054ac1c87fee330c6032bd628661cbf2e5	909	designed codon-opt v2; parent=NCBI protein YET37121; host=E_coli; tool=optimize-codons; [RESOLVED: synonymous recode of HrpS.Ec-opt v1 (protein-IDENTICAL, 122 codons); breaks HrpR.Ec-opt shared DNA 42->15 bp to clear Twist repeat/Complexity; PstI/CTGCAG@633 pre-existing+internal (same as v1), no new forbidden sites]	2026-07-06	designed	designed/acoustic/HrpS.Ec-opt__v2__cc3f6c1ec6ef.gb	8f4a4f6c8e17bc6128f421b189bed530763db4a497cf9c786917a11683dda19c
ECK120033736	1	26dc56560cae165dee1dc92ee27bb48b298368c493291b176e425b7753914f8a	b156c7c9d61f781e5f2d4298abd028e4aab504ed45ad97eb636e637939de5e55	53	terminator; canonical from Cello Eco1C1G1T1 UCF (CIDARLAB/Cello-UCF, Voigt lab); Chen et al 2013 (582-terminator characterisation); fetched local 2026-07-06; role=orthogonal terminator for pAP-Logic B0015-diversification; natural E. coli terminator (5th-strongest, Chen 2013)	2026-07-06	reference	ECK120033736__v1__26dc56560cae.gb	51d7940b1fd5bcf9a6e9ae6ba65dd389394719fd61a9c95b255f93510318247a
L3S2P55	1	5b17b6ada44770f639c1d4e17cb16761c6d805222b3eb982fb5a65cf3eb870fe	47ed8810f43e7ec14ac5f2de99c65ca53a11f2c4dd49ed2f238db5855e0e403e	57	terminator; canonical from Cello Eco1C1G1T1 UCF (CIDARLAB/Cello-UCF, Voigt lab); Chen et al 2013 (582-terminator characterisation); fetched local 2026-07-06; role=orthogonal terminator for pAP-Logic B0015-diversification; synthetic Voigt terminator (1 internal KpnI, non-blocking)	2026-07-06	reference	L3S2P55__v1__5b17b6ada447.gb	c349610c8a5041d215e5f17542cb12a274553513dbbbb3d5aef6832f7922b7f0
HrpS.Ec-opt	3	5093ea792057bbc5a4a20db011f8f577b602820816ed278c29bf1359f9fe08b7	a13c5b304eecf571a794e8ae7e7aac4b0e1846673a8502eef50921d6cc612455	909	designed codon-opt v3; tool=optimize-codons(DNAChisel: CodonOptimize e_coli + EnforceTranslation + AvoidMatches(HrpR,15) + AvoidPattern(forbidden RE) + AvoidChanges 5'0:45 + GC0.30-0.70); parent=NCBI protein YET37121; host=E_coli; protein-IDENTICAL to v1/v2 (303 aa, hard-enforced); real E.coli CAI 0.963 (v1 0.821, v2 0.766, heuristic 0.841); max HrpR shared DNA 14bp (v1 42, hard-broken <15); RE-CLEAN (removed pre-existing internal PstI@633); 5' preserved (RBS_hrpS v2 TIR 13441); supersedes v2 cc3f6c1ec6ef	2026-07-06	designed	designed/acoustic/HrpS.Ec-opt__v3__5093ea792057.gb	84d066b28c2ce7fc0c29900b28ffe48821618e539a644ae282fabe8b05f8daa8
pSC101_ori	1	80fb7be4f710f0aa90fc02aff1ebfe4d9bf8bb92b8359d7e4a2d239f8855b8db	9d64e4b4ea8d51f8e3a4527b1cb7db3f7f506414f4fb3bcbbae4957e9cf0d189	1701	NCBI NC_002056.1 (E. coli plasmid pSC101, complete sequence) 4523..6223(+); pSC101 low-copy replicon (ori+repA); fetched NCBI efetch 2026-07-06 (staged _incoming/NC_002056.1_pSC101.fasta); verified exact match to pre-Katana FINAL pSC101 region	2026-07-06	reference	pSC101_ori__v1__80fb7be4f710.gb	5d0f466708a4a5e6ac86c2c5537961b29aee8c41fa32ef1e383db615e96c6901
KanR	1	a42fd60bc3bcff92d9d04581e91fe7f8536da9b87da71d5f591cd408c6fe8978	cbc348a59588bc510b2b675cff2397548be8ed0353da1e13c7e4d028954c9a6f	795	NCBI AY048743.1 (pKD4) 459..1253(+); aminoglycoside 3'-phosphotransferase / kanamycin-resistance (aph/nptII) CDS; on-disk verbatim primary AY048743.1_pKD4.fa; selection marker for pAP-Output pSC101/KanR backbone	2026-07-06	reference	KanR__v1__a42fd60bc3bc.gb	2b3c734913b51322ee93293dadadd6030402426f676a07e89c10692090631e3e
bARGSer_operon	1	bd2a63fc94bcea2169e4f61bdbea8219d7a0bb5c4158adaec3c5d4251f641b50	d6ac4263ff77c28e14acd3958885e24a0222e0c848c47ea6d6dcf0410bb9e676	16474	Addgene #192473 (pBAD-bARGSer-AxeTxe; verbatim primary deposit sequence-376957.gbk) complement(4057..20530); bARGSer 2nd-gen bacterial acoustic reporter operon incl native 5'UTR/RBS; Serratia sp. ATCC 39006; Hurt et al 2023 Nat Biotechnol PMID 36593411; extracted+revcomp, byte-identical to pre-Katana FINAL operon region; SUBCLONE not synth (repeat-rich, gvpA tandem interior)	2026-07-06	reference	bARGSer_operon__v1__bd2a63fc94bc.gb	c2a97ba5c0f3a6d35d109df2a5135113c64c04d566e8353d5b88b8443615ff87
AxeTxe	1	6db64ba9a84dd06258d7ad8246e20f42f19212ed7e51bbb09c68be062ab143fc	9bbfd74d6f85a233eb5eab0516611023592ba5c24e86f8f2c64561f43f11527b	840	Addgene #192473 (verbatim primary deposit sequence-376957.gbk) complement(22294..23133); Axe-Txe toxin-antitoxin plasmid-stability cassette (Paxe-axe-txe); cf NCBI AF507977.1; located+revcomp-verified in deposit	2026-07-06	reference	AxeTxe__v1__6db64ba9a84d.gb	eac84ee4211f636b1eec7ba24dbb87ca9112cfb00ea83ab7c2e3af06d2c6cf88
RBS_lldR_strong	1	0021556435c880297486b8e854138ed83a133b632d6391f63df6803b937e5dd5	222e9b9275404dd939e4f863e97d97fb439c160e657ac1b652b5da7ccc8cfec0	38	designed synthesised 5'UTR; tool=design-rbs; engine=OSTIR 1.1.3(ViennaRNA-2.7.2, sandbox); verified_TIR=13272; design_record_target=activator-tier ~13k (matched RBS_hrpR 12936 / RBS_hrpS 13441); WIST-JL1 leader + SD AGGAGGT + spacer AACAAA(sp6); clean-OFF fix for leaky lldR (B0032@~172 -> 13272); NdeI/forbidden-clean at lldR junction; host=E_coli; parent=none	2026-08-27	designed	designed/acoustic/RBS_lldR_strong__v1__0021556435c8.gb	b0e13df87ee1ea0beaeb6c371177d7f5acfe6afc06c3a7d52cfe88a1a8a7f931
RBS_lldR_strong	2	d0e539d22e8f91fc3904194129ffa337ffc4ebd6d0e8c32eae914e5dfe383c83	a3408317a41058531c88e6cdd31804cbc1da4bde1ccf6f00140d1423eba73db8	39	designed synthesised 5'UTR; tool=design-rbs; engine=OSTIR 1.1.3(ViennaRNA-2.7.2, sandbox); verified_TIR=19266 in lldR context; design_record_target=stronger-than-activator (~19k) for CLEAN OFF; WIST-JL1 leader + SD AGGAGGT + spacer AACATAA(sp7); supersedes RBS_lldR_strong v1 (13272, matched-tier) on Casper's clean-OFF call (model: ~1.45x lower leak, EC50 ~1.45mM << tumour lactate); seq coincides byte-wise with RBS_hrpS v2 (same SD+spacer) but distinct role/target; NdeI-clean at lldR junction; host=E_coli; parent=none	2026-08-27	designed	designed/acoustic/RBS_lldR_strong__v2__d0e539d22e8f.gb	fc076336597da5930295fe6bff57db24cd47b4c6f5be544981fd455b66c2e73f
RBS_lldR_strong	3	5284a57eb9f9fe78f1472c7ceba8edf2bb2745b61f5bfaa30db775e1c6ec64ac	ad7903d8413a0718ab76df6f6ec0326401badaecfab2b687f462483dffd4bf4b	39	designed synthesised 5'UTR; tool=design-rbs; engine=OSTIR 1.1.3(ViennaRNA-2.7.2, sandbox); verified_TIR=19023 in lldR context; design_record_target=clean-OFF ~19k (Casper); WIST-JL1 leader + SD GAGGAGGT + spacer TACAAA(sp6); supersedes v2 (d0e539d22e8f) which was byte-identical to RBS_hrpS v2 and created a 43bp direct repeat >40bp recA threshold; v3 keeps ~19k but max overlap vs RBS_hrpR/hrpS = 25bp (WIST leader baseline only). NdeI-clean at lldR junction; host=E_coli; parent=none	2026-08-27	designed	designed/acoustic/RBS_lldR_strong__v3__5284a57eb9f9.gb	16d2b05b9c5e843407d6cb19a4b6459ed8f3c73e37a893c1cc5747b8e5713e92
